-- INSERCIONES:

-- OFICINA
INSERT INTO oficina VALUES ('BCN-ES','Barcelona','España','Barcelona','08019','+34 93 3561182','Avenida Diagonal, 38','3A escalera Derecha');
INSERT INTO oficina VALUES ('BOS-USA','Boston','EEUU','MA','02108','+1 215 837 0825','1550 Court Place','Suite 102');
INSERT INTO oficina VALUES ('LON-UK','Londres','Inglaterra','EMEA','EC2N 1HN','+44 20 78772041','52 Old Broad Street','Ground Floor');
INSERT INTO oficina VALUES ('MAD-ES','Madrid','España','Madrid','28032','+34 91 7514487','Bulevar Indalecio Prieto, 32','');
INSERT INTO oficina VALUES ('PAR-FR','Paris','Francia','EMEA','75017','+33 14 723 4404','29 Rue Jouffroy d''abbans','');
INSERT INTO oficina VALUES ('SFC-USA','San Francisco','EEUU','CA','94080','+1 650 219 4782','100 Market Street','Suite 300');
INSERT INTO oficina VALUES ('SYD-AU','Sydney','Australia','APAC','NSW 2010','+61 2 9264 2451','5-11 Wentworth Avenue','Floor #2');
INSERT INTO oficina VALUES ('TAL-ES','Talavera de la Reina','España','Castilla-LaMancha','45632','+34 925 867231','Francisco Aguirre, 32','5º piso (exterior)');
INSERT INTO oficina VALUES ('TOK-JP','Tokyo','Japón','Chiyoda-Ku','102-8578','+81 33 224 5000','4-1 Kioicho','');


-- EMPLEADO
INSERT INTO empleado VALUES (1,'Marcos','Magaña','Perez','3897','marcos@jardineria.es','TAL-ES',NULL,'Director General');
INSERT INTO empleado VALUES (2,'Ruben','López','Martinez','2899','rlopez@jardineria.es','TAL-ES',1,'Subdirector Marketing');
INSERT INTO empleado VALUES (3,'Alberto','Soria','Carrasco','2837','asoria@jardineria.es','TAL-ES',2,'Subdirector Ventas');
INSERT INTO empleado VALUES (4,'Maria','Solís','Jerez','2847','msolis@jardineria.es','TAL-ES',2,'Secretaria');
INSERT INTO empleado VALUES (5,'Felipe','Rosas','Marquez','2844','frosas@jardineria.es','TAL-ES',3,'Representante Ventas');
INSERT INTO empleado VALUES (6,'Juan Carlos','Ortiz','Serrano','2845','cortiz@jardineria.es','TAL-ES',3,'Representante Ventas');
INSERT INTO empleado VALUES (7,'Carlos','Soria','Jimenez','2444','csoria@jardineria.es','MAD-ES',3,'Director Oficina');
INSERT INTO empleado VALUES (8,'Mariano','López','Murcia','2442','mlopez@jardineria.es','MAD-ES',7,'Representante Ventas');
INSERT INTO empleado VALUES (9,'Lucio','Campoamor','Martín','2442','lcampoamor@jardineria.es','MAD-ES',7,'Representante Ventas');
INSERT INTO empleado VALUES (10,'Hilario','Rodriguez','Huertas','2444','hrodriguez@jardineria.es','MAD-ES',7,'Representante Ventas');
INSERT INTO empleado VALUES (11,'Emmanuel','Magaña','Perez','2518','manu@jardineria.es','BCN-ES',3,'Director Oficina');
INSERT INTO empleado VALUES (12,'José Manuel','Martinez','De la Osa','2519','jmmart@hotmail.es','BCN-ES',11,'Representante Ventas');
INSERT INTO empleado VALUES (13,'David','Palma','Aceituno','2519','dpalma@jardineria.es','BCN-ES',11,'Representante Ventas');
INSERT INTO empleado VALUES (14,'Oscar','Palma','Aceituno','2519','opalma@jardineria.es','BCN-ES',11,'Representante Ventas');
INSERT INTO empleado VALUES (15,'Francois','Fignon','','9981','ffignon@gardening.com','PAR-FR',3,'Director Oficina');
INSERT INTO empleado VALUES (16,'Lionel','Narvaez','','9982','lnarvaez@gardening.com','PAR-FR',15,'Representante Ventas');
INSERT INTO empleado VALUES (17,'Laurent','Serra','','9982','lserra@gardening.com','PAR-FR',15,'Representante Ventas');
INSERT INTO empleado VALUES (18,'Michael','Bolton','','7454','mbolton@gardening.com','SFC-USA',3,'Director Oficina');
INSERT INTO empleado VALUES (19,'Walter Santiago','Sanchez','Lopez','7454','wssanchez@gardening.com','SFC-USA',18,'Representante Ventas');
INSERT INTO empleado VALUES (20,'Hilary','Washington','','7565','hwashington@gardening.com','BOS-USA',3,'Director Oficina');
INSERT INTO empleado VALUES (21,'Marcus','Paxton','','7565','mpaxton@gardening.com','BOS-USA',20,'Representante Ventas');
INSERT INTO empleado VALUES (22,'Lorena','Paxton','','7665','lpaxton@gardening.com','BOS-USA',20,'Representante Ventas');
INSERT INTO empleado VALUES (23,'Nei','Nishikori','','8734','nnishikori@gardening.com','TOK-JP',3,'Director Oficina');
INSERT INTO empleado VALUES (24,'Narumi','Riko','','8734','nriko@gardening.com','TOK-JP',23,'Representante Ventas');
INSERT INTO empleado VALUES (25,'Takuma','Nomura','','8735','tnomura@gardening.com','TOK-JP',23,'Representante Ventas');
INSERT INTO empleado VALUES (26,'Amy','Johnson','','3321','ajohnson@gardening.com','LON-UK',3,'Director Oficina');
INSERT INTO empleado VALUES (27,'Larry','Westfalls','','3322','lwestfalls@gardening.com','LON-UK',26,'Representante Ventas');
INSERT INTO empleado VALUES (28,'John','Walton','','3322','jwalton@gardening.com','LON-UK',26,'Representante Ventas');
INSERT INTO empleado VALUES (29,'Kevin','Fallmer','','3210','kfalmer@gardening.com','SYD-AU',3,'Director Oficina');
INSERT INTO empleado VALUES (30,'Julian','Bellinelli','','3211','jbellinelli@gardening.com','SYD-AU',29,'Representante Ventas');
INSERT INTO empleado VALUES (31,'Mariko','Kishi','','3211','mkishi@gardening.com','SYD-AU',29,'Representante Ventas');

-- GAMA PRODUCTO
INSERT INTO gama_producto VALUES ('Herbaceas','Plantas para jardin decorativas',NULL,NULL);
INSERT INTO gama_producto VALUES ('Herramientas','Herramientas para todo tipo de acción',NULL,NULL);
INSERT INTO gama_producto VALUES ('Aromáticas','Plantas aromáticas',NULL,NULL);
INSERT INTO gama_producto VALUES ('Frutales','Árboles pequeños de producción frutal',NULL,NULL);
INSERT INTO gama_producto VALUES ('Ornamentales','Plantas vistosas para la decoración del jardín',NULL,NULL);



-- PRODUCTO
INSERT INTO producto VALUES ('11679','Sierra de Poda 400MM','Herramientas','0,258','HiperGarden Tools','Gracias a la poda se consigue manipular un poco la naturaleza, dándole la forma que más nos guste. Este trabajo básico de jardinería también facilita que las plantas crezcan de un modo más equilibrado, y que las flores y los frutos vuelvan cada año con regularidad. Lo mejor es dar forma cuando los ejemplares son jóvenes, de modo que exijan pocos cuidados cuando sean adultos. Además de saber cuándo y cómo hay que podar, tener unas herramientas adecuadas para esta labor es también de vital importancia.',15,14,11);
INSERT INTO producto VALUES ('21636','Pala','Herramientas','0,156','HiperGarden Tools','Palas de acero con cresta de corte en la punta para cortar bien el terreno. Buena penetración en tierras muy compactas.',15,14,13);
INSERT INTO producto VALUES ('22225','Rastrillo de Jardín','Herramientas','1,064','HiperGarden Tools','Fabuloso rastillo que le ayudará a eliminar piedras, hojas, ramas y otros elementos incómodos en su jardín.',15,12,11);
INSERT INTO producto VALUES ('30310','Azadón','Herramientas','0,168','HiperGarden Tools','Longitud:24cm. Herramienta fabricada en acero y pintura epoxi,alargando su durabilidad y preveniendo la corrosión.Diseño pensado para el ahorro de trabajo.',15,12,11);
INSERT INTO producto VALUES ('AR-001','Ajedrea','Aromáticas','15-20','Murcia Seasons','Planta aromática que fresca se utiliza para condimentar carnes y ensaladas, y seca, para pastas, sopas y guisantes',140,1,0);
INSERT INTO producto VALUES ('AR-002','Lavándula Dentata','Aromáticas','15-20','Murcia Seasons','Espliego de jardín, Alhucema rizada, Alhucema dentada, Cantueso rizado. Familia: Lamiaceae.Origen: España y Portugal. Mata de unos 60 cm de alto. Las hojas son aromáticas, dentadas y de color verde grisáceas.  Produce compactas espigas de flores pequeñas, ligeramente aromáticas, tubulares,de color azulado y con brácteas púrpuras.  Frutos: nuececillas alargadas encerradas en el tubo del cáliz.  Se utiliza en jardineria y no en perfumeria como otros cantuesos, espliegos y lavandas.  Tiene propiedades aromatizantes y calmantes. Adecuadas para la formación de setos bajos. Se dice que su aroma ahuyenta pulgones y otros insectos perjudiciales para las plantas vecinas.',140,1,0);
INSERT INTO producto VALUES ('AR-003','Mejorana','Aromáticas','15-20','Murcia Seasons','Origanum majorana. No hay que confundirlo con el orégano. Su sabor se parece más al tomillo, pero es más dulce y aromático.Se usan las hojas frescas o secas, picadas, machacadas o en polvo, en sopas, rellenos, quiches y tartas, tortillas, platos con papas y, como aderezo, en ramilletes de hierbas.El sabor delicado de la mejorana se elimina durante la cocción, de manera que es mejor agregarla cuando el plato esté en su punto o en aquéllos que apenas necesitan cocción.',140,1,0);
INSERT INTO producto VALUES ('AR-004','Melissa ','Aromáticas','15-20','Murcia Seasons','Es una planta perenne (dura varios años) conocida por el agradable y característico olor a limón que desprenden en verano. Nunca debe faltar en la huerta o jardín por su agradable aroma y por los variados usos que tiene: planta olorosa, condimentaria y medicinal. Su cultivo es muy fácil. Le va bien un suelo ligero, con buen drenaje y riego sin exceso. A pleno sol o por lo menos 5 horas de sol por día. Cada año, su abonado mineral correspondiente.En otoño, la melisa pierde el agradable olor a limón que desprende en verano sus flores azules y blancas. En este momento se debe cortar a unos 20 cm. del suelo. Brotará de forma densa en primavera.',140,1,0);
INSERT INTO producto VALUES ('AR-005','Mentha Sativa','Aromáticas','15-20','Murcia Seasons','¿Quién no conoce la Hierbabuena? Se trata de una plantita muy aromática, agradable y cultivada extensamente por toda España. Es hierba perenne (por tanto vive varios años, no es anual). Puedes cultivarla en maceta o plantarla en la tierra del jardín o en un rincón del huerto. Lo más importante es que cuente con bastante agua. En primavera debes aportar fertilizantes minerales. Vive mejor en semisombra que a pleno sol.Si ves orugas o los agujeros en hojas consecuencia de su ataque, retíralas una a una a mano; no uses insecticidas químicos.',140,1,0);
INSERT INTO producto VALUES ('AR-006','Petrosilium Hortense (Peregil)','Aromáticas','15-20','Murcia Seasons','Nombre científico o latino: Petroselinum hortense, Petroselinum crispum. Nombre común o vulgar: Perejil, Perejil rizado Familia: Umbelliferae (Umbelíferas). Origen: el origen del perejil se encuentra en el Mediterraneo. Esta naturalizada en casi toda Europa. Se utiliza como condimento y para adorno, pero también en ensaladas. Se suele regalar en las fruterías y verdulerías.El perejil lo hay de 2 tipos: de hojas planas y de hojas rizadas.',140,1,0);
INSERT INTO producto VALUES ('AR-007','Salvia Mix','Aromáticas','15-20','Murcia Seasons','La Salvia es un pequeño arbusto que llega hasta el metro de alto.Tiene una vida breve, de unos pocos años.En el jardín, como otras aromáticas, queda muy bien en una rocalla o para hacer una bordura perfumada a cada lado de un camino de Salvia. Abona después de cada corte y recorta el arbusto una vez pase la floración.',140,1,0);
INSERT INTO producto VALUES ('AR-008','Thymus Citriodra (Tomillo limón)','Aromáticas','15-20','Murcia Seasons','Nombre común o vulgar: Tomillo, Tremoncillo Familia: Labiatae (Labiadas).Origen: Región mediterránea.Arbustillo bajo, de 15 a 40 cm de altura. Las hojas son muy pequeñas, de unos 6 mm de longitud; según la variedad pueden ser verdes, verdes grisáceas, amarillas, o jaspeadas. Las flores aparecen de mediados de primavera hasta bien entrada la época estival y se presentan en racimos terminales que habitualmente son de color violeta o púrpura aunque también pueden ser blancas. Esta planta despide un intenso y típico aroma, que se incrementa con el roce. El tomillo resulta de gran belleza cuando está en flor. El tomillo atrae a avispas y abejas. En jardinería se usa como manchas, para hacer borduras, para aromatizar el ambiente, llenar huecos, cubrir rocas, para jardines en miniatura, etc. Arranque las flores y hojas secas del tallo y añadálos a un popurri, introdúzcalos en saquitos de hierbas o en la almohada.También puede usar las ramas secas con flores para añadir aroma y textura a cestos abiertos.',140,1,0);
INSERT INTO producto VALUES ('AR-009','Thymus Vulgaris','Aromáticas','15-20','Murcia Seasons','Nombre común o vulgar: Tomillo, Tremoncillo Familia: Labiatae (Labiadas). Origen: Región mediterránea. Arbustillo bajo, de 15 a 40 cm de altura. Las hojas son muy pequeñas, de unos 6 mm de longitud; según la variedad pueden ser verdes, verdes grisáceas, amarillas, o jaspeadas. Las flores aparecen de mediados de primavera hasta bien entrada la época estival y se presentan en racimos terminales que habitualmente son de color violeta o púrpura aunque también pueden ser blancas. Esta planta despide un intenso y típico aroma, que se incrementa con el roce. El tomillo resulta de gran belleza cuando está en flor. El tomillo atrae a avispas y abejas.\r\n En jardinería se usa como manchas, para hacer borduras, para aromatizar el ambiente, llenar huecos, cubrir rocas, para jardines en miniatura, etc. Arranque las flores y hojas secas del tallo y añadálos a un popurri, introdúzcalos en saquitos de hierbas o en la almohada. También puede usar las ramas secas con flores para añadir aroma y textura a cestos abiertos.',140,1,0);
INSERT INTO producto VALUES ('AR-010','Santolina Chamaecyparys','Aromáticas','15-20','Murcia Seasons','',140,1,0);
INSERT INTO producto VALUES ('FR-1','Expositor Cítricos Mix','Frutales','100-120','Frutales Talavera S.A','',15,7,5);
INSERT INTO producto VALUES ('FR-10','Limonero 2 años injerto','Frutales','','NaranjasValencianas.com','El limonero, pertenece al grupo de los cítricos, teniendo su origen hace unos 20 millones de años en el sudeste asiático. Fue introducido por los árabes en el área mediterránea entre los años 1.000 a 1.200, habiendo experimentando numerosas modificaciones debidas tanto a la selección natural mediante hibridaciones espontáneas como a las producidas por el hombre, en este caso buscando las necesidades del mercado.',15,7,5);
INSERT INTO producto VALUES ('FR-100','Nectarina','Frutales','8/10','Frutales Talavera S.A','Se trata de un árbol derivado por mutación de los melocotoneros comunes, y los únicos caracteres diferenciales son la ausencia de tomentosidad en la piel del fruto. La planta, si se deja crecer libremente, adopta un porte globoso con unas dimensiones medias de 4-6 metros',50,11,8);
INSERT INTO producto VALUES ('FR-101','Nogal','Frutales','8/10','Frutales Talavera S.A','',50,13,10);
INSERT INTO producto VALUES ('FR-102','Olea-Olivos','Frutales','8/10','Frutales Talavera S.A','Existen dos hipótesis sobre el origen del olivo, una que postula que proviene de las costas de Siria, Líbano e Israel y otra que considera que lo considera originario de Asia menor. La llegada a Europa probablemente tuvo lugar de mano de los Fenicios, en transito por Chipre, Creta, e Islas del Mar Egeo, pasando a Grecia y más tarde a Italia. Los primeros indicios de la presencia del olivo en las costas mediterráneas españolas coinciden con el dominio romano, aunque fueron posteriormente los árabes los que impulsaron su cultivo en Andalucía, convirtiendo a España en el primer país productor de aceite de oliva a nivel mundial.',50,18,14);
INSERT INTO producto VALUES ('FR-103','Olea-Olivos','Frutales','10/12','Frutales Talavera S.A','Existen dos hipótesis sobre el origen del olivo, una que postula que proviene de las costas de Siria, Líbano e Israel y otra que considera que lo considera originario de Asia menor. La llegada a Europa probablemente tuvo lugar de mano de los Fenicios, en transito por Chipre, Creta, e Islas del Mar Egeo, pasando a Grecia y más tarde a Italia. Los primeros indicios de la presencia del olivo en las costas mediterráneas españolas coinciden con el dominio romano, aunque fueron posteriormente los árabes los que impulsaron su cultivo en Andalucía, convirtiendo a España en el primer país productor de aceite de oliva a nivel mundial.',50,25,20);
INSERT INTO producto VALUES ('FR-104','Olea-Olivos','Frutales','12/4','Frutales Talavera S.A','Existen dos hipótesis sobre el origen del olivo, una que postula que proviene de las costas de Siria, Líbano e Israel y otra que considera que lo considera originario de Asia menor. La llegada a Europa probablemente tuvo lugar de mano de los Fenicios, en transito por Chipre, Creta, e Islas del Mar Egeo, pasando a Grecia y más tarde a Italia. Los primeros indicios de la presencia del olivo en las costas mediterráneas españolas coinciden con el dominio romano, aunque fueron posteriormente los árabes los que impulsaron su cultivo en Andalucía, convirtiendo a España en el primer país productor de aceite de oliva a nivel mundial.',50,49,39);
INSERT INTO producto VALUES ('FR-105','Olea-Olivos','Frutales','14/16','Frutales Talavera S.A','Existen dos hipótesis sobre el origen del olivo, una que postula que proviene de las costas de Siria, Líbano e Israel y otra que considera que lo considera originario de Asia menor. La llegada a Europa probablemente tuvo lugar de mano de los Fenicios, en transito por Chipre, Creta, e Islas del Mar Egeo, pasando a Grecia y más tarde a Italia. Los primeros indicios de la presencia del olivo en las costas mediterráneas españolas coinciden con el dominio romano, aunque fueron posteriormente los árabes los que impulsaron su cultivo en Andalucía, convirtiendo a España en el primer país productor de aceite de oliva a nivel mundial.',50,70,56);
INSERT INTO producto VALUES ('FR-106','Peral','Frutales','8/10','Frutales Talavera S.A','Árbol piramidal, redondeado en su juventud, luego oval, que llega hasta 20 metros de altura y por término medio vive 65 años.Tronco alto, grueso, de corteza agrietada, gris, de la cual se destacan con frecuencia placas lenticulares.Las ramas se insertan formando ángulo agudo con el tronco (45º), de corteza lisa, primero verde y luego gris-violácea, con numerosas lenticelas.',50,11,8);
INSERT INTO producto VALUES ('FR-107','Peral','Frutales','10/12','Frutales Talavera S.A','Árbol piramidal, redondeado en su juventud, luego oval, que llega hasta 20 metros de altura y por término medio vive 65 años.Tronco alto, grueso, de corteza agrietada, gris, de la cual se destacan con frecuencia placas lenticulares.Las ramas se insertan formando ángulo agudo con el tronco (45º), de corteza lisa, primero verde y luego gris-violácea, con numerosas lenticelas.',50,22,17);
INSERT INTO producto VALUES ('FR-108','Peral','Frutales','12/14','Frutales Talavera S.A','Árbol piramidal, redondeado en su juventud, luego oval, que llega hasta 20 metros de altura y por término medio vive 65 años.Tronco alto, grueso, de corteza agrietada, gris, de la cual se destacan con frecuencia placas lenticulares.Las ramas se insertan formando ángulo agudo con el tronco (45º), de corteza lisa, primero verde y luego gris-violácea, con numerosas lenticelas.',50,32,25);
INSERT INTO producto VALUES ('FR-11','Limonero 30/40','Frutales','','NaranjasValencianas.com','El limonero, pertenece al grupo de los cítricos, teniendo su origen hace unos 20 millones de años en el sudeste asiático. Fue introducido por los árabes en el área mediterránea entre los años 1.000 a 1.200, habiendo experimentando numerosas modificaciones debidas tanto a la selección natural mediante hibridaciones espontáneas como a las producidas por el',15,100,80);
INSERT INTO producto VALUES ('FR-12','Kunquat ','Frutales','','NaranjasValencianas.com','su nombre científico se origina en honor a un hoticultor escocés que recolectó especímenes en China, (\"Fortunella\"), Robert Fortune (1812-1880), y \"margarita\", del latín margaritus-a-um = perla, en alusión a sus pequeños y brillantes frutos. Se trata de un arbusto o árbol pequeño de 2-3 m de altura, inerme o con escasas espinas.Hojas lanceoladas de 4-8 (-15) cm de longitud, con el ápice redondeado y la base cuneada.Tienen el margen crenulado en su mitad superior, el haz verde brillante y el envés más pálido.Pecíolo ligeramente marginado.Flores perfumadas solitarias o agrupadas en inflorescencias axilares, blancas.El fruto es lo más característico, es el más pequeño de todos los cítricos y el único cuya cáscara se puede comer.Frutos pequeños, con semillas, de corteza fina, dulce, aromática y comestible, y de pulpa naranja amarillenta y ligeramente ácida.Sus frutos son muy pequeños y tienen un carácter principalmente ornamental.',15,21,16);
INSERT INTO producto VALUES ('FR-13','Kunquat  EXTRA con FRUTA','Frutales','150-170','NaranjasValencianas.com','su nombre científico se origina en honor a un hoticultor escocés que recolectó especímenes en China, (\"Fortunella\"), Robert Fortune (1812-1880), y \"margarita\", del latín margaritus-a-um = perla, en alusión a sus pequeños y brillantes frutos. Se trata de un arbusto o árbol pequeño de 2-3 m de altura, inerme o con escasas espinas.Hojas lanceoladas de 4-8 (-15) cm de longitud, con el ápice redondeado y la base cuneada.Tienen el margen crenulado en su mitad superior, el haz verde brillante y el envés más pálido.Pecíolo ligeramente marginado.Flores perfumadas solitarias o agrupadas en inflorescencias axilares, blancas.El fruto es lo más característico, es el más pequeño de todos los cítricos y el único cuya cáscara se puede comer.Frutos pequeños, con semillas, de corteza fina, dulce, aromática y comestible, y de pulpa naranja amarillenta y ligeramente ácida.Sus frutos son muy pequeños y tienen un carácter principalmente ornamental.',15,57,45);
INSERT INTO producto VALUES ('FR-14','Calamondin Mini','Frutales','','Frutales Talavera S.A','Se trata de un pequeño arbolito de copa densa, con tendencia a la verticalidad, inerme o con cortas espinas. Sus hojas son pequeñas, elípticas de 5-10 cm de longitud, con los pecíolos estrechamente alados.Posee 1 o 2 flores en situación axilar, al final de las ramillas.Sus frutos son muy pequeños (3-3,5 cm de diámetro), con pocas semillas, esféricos u ovales, con la zona apical aplanada; corteza de color naranja-rojizo, muy fina y fácilmente separable de la pulpa, que es dulce, ácida y comestible..',15,10,8);
INSERT INTO producto VALUES ('FR-15','Calamondin Copa ','Frutales','','Frutales Talavera S.A','Se trata de un pequeño arbolito de copa densa, con tendencia a la verticalidad, inerme o con cortas espinas. Sus hojas son pequeñas, elípticas de 5-10 cm de longitud, con los pecíolos estrechamente alados.Posee 1 o 2 flores en situación axilar, al final de las ramillas.Sus frutos son muy pequeños (3-3,5 cm de diámetro), con pocas semillas, esféricos u ovales, con la zona apical aplanada; corteza de color naranja-rojizo, muy fina y fácilmente separable de la pulpa, que es dulce, ácida y comestible..',15,25,20);
INSERT INTO producto VALUES ('FR-16','Calamondin Copa EXTRA Con FRUTA','Frutales','100-120','Frutales Talavera S.A','Se trata de un pequeño arbolito de copa densa, con tendencia a la verticalidad, inerme o con cortas espinas. Sus hojas son pequeñas, elípticas de 5-10 cm de longitud, con los pecíolos estrechamente alados.Posee 1 o 2 flores en situación axilar, al final de las ramillas.Sus frutos son muy pequeños (3-3,5 cm de diámetro), con pocas semillas, esféricos u ovales, con la zona apical aplanada; corteza de color naranja-rojizo, muy fina y fácilmente separable de la pulpa, que es dulce, ácida y comestible..',15,45,36);
INSERT INTO producto VALUES ('FR-17','Rosal bajo 1Âª -En maceta-inicio brotación','Frutales','','Frutales Talavera S.A','',15,2,1);
INSERT INTO producto VALUES ('FR-18','ROSAL TREPADOR','Frutales','','Frutales Talavera S.A','',350,4,3);
INSERT INTO producto VALUES ('FR-19','Camelia Blanco, Chrysler Rojo, Soraya Naranja, ','Frutales','','NaranjasValencianas.com','',350,4,3);
INSERT INTO producto VALUES ('FR-2','Naranjo -Plantón joven 1 año injerto','Frutales','','NaranjasValencianas.com','El naranjo es un árbol pequeño, que no supera los 3-5 metros de altura, con una copa compacta, cónica, transformada en esérica gracias a la poda. Su tronco es de color gris y liso, y las hojas son perennes, coriáceas, de un verde intenso y brillante, con forma oval o elíptico-lanceolada. Poseen, en el caso del naranjo amargo, un típico peciolo alado en forma de Â‘corazónÂ’, que en el naranjo dulce es más estrecho y menos patente.',15,6,4);
INSERT INTO producto VALUES ('FR-20','Landora Amarillo, Rose Gaujard bicolor blanco-rojo','Frutales','','Frutales Talavera S.A','',350,4,3);
INSERT INTO producto VALUES ('FR-21','Kordes Perfect bicolor rojo-amarillo, Roundelay rojo fuerte','Frutales','','Frutales Talavera S.A','',350,4,3);
INSERT INTO producto VALUES ('FR-22','Pitimini rojo','Frutales','','Frutales Talavera S.A','',350,4,3);
INSERT INTO producto VALUES ('FR-23','Rosal copa ','Frutales','','Frutales Talavera S.A','',400,8,6);
INSERT INTO producto VALUES ('FR-24','Albaricoquero Corbato','Frutales','','Melocotones de Cieza S.A.','árbol que puede pasar de los 6 m de altura, en la región mediterránea con ramas formando una copa redondeada. La corteza del tronco es pardo-violácea, agrietada; las ramas son rojizas y extendidas cuando jóvenes y las ramas secundarias son cortas, divergentes y escasas. Las yemas latentes son frecuentes especialmente sobre las ramas viejas.',400,8,6);
INSERT INTO producto VALUES ('FR-25','Albaricoquero Moniqui','Frutales','','Melocotones de Cieza S.A.','árbol que puede pasar de los 6 m de altura, en la región mediterránea con ramas formando una copa redondeada. La corteza del tronco es pardo-violácea, agrietada; las ramas son rojizas y extendidas cuando jóvenes y las ramas secundarias son cortas, divergentes y escasas. Las yemas latentes son frecuentes especialmente sobre las ramas viejas.',400,8,6);
INSERT INTO producto VALUES ('FR-26','Albaricoquero Kurrot','Frutales','','Melocotones de Cieza S.A.','árbol que puede pasar de los 6 m de altura, en la región mediterránea con ramas formando una copa redondeada. La corteza del tronco es pardo-violácea, agrietada; las ramas son rojizas y extendidas cuando jóvenes y las ramas secundarias son cortas, divergentes y escasas. Las yemas latentes son frecuentes especialmente sobre las ramas viejas.',400,8,6);
INSERT INTO producto VALUES ('FR-27','Cerezo Burlat','Frutales','','Jerte Distribuciones S.L.','Las principales especies de cerezo cultivadas en el mundo son el cerezo dulce (Prunus avium), el guindo (P. cerasus) y el cerezo \"Duke\", híbrido de los anteriores. Ambas especies son naturales del sureste de Europa y oeste de Asia. El cerezo dulce tuvo su origen probablemente en el mar Negro y en el mar Caspio, difundiéndose después hacia Europa y Asia, llevado por los pájaros y las migraciones humanas. Fue uno de los frutales más apreciados por los griegos y con el Imperio Romano se extendió a regiones muy diversas. En la actualidad, el cerezo se encuentra difundido por numerosas regiones y países del mundo con clima templado',400,8,6);
INSERT INTO producto VALUES ('FR-28','Cerezo Picota','Frutales','','Jerte Distribuciones S.L.','Las principales especies de cerezo cultivadas en el mundo son el cerezo dulce (Prunus avium), el guindo (P. cerasus) y el cerezo \"Duke\", híbrido de los anteriores. Ambas especies son naturales del sureste de Europa y oeste de Asia. El cerezo dulce tuvo su origen probablemente en el mar Negro y en el mar Caspio, difundiéndose después hacia Europa y Asia, llevado por los pájaros y las migraciones humanas. Fue uno de los frutales más apreciados por los griegos y con el Imperio Romano se extendió a regiones muy diversas. En la actualidad, el cerezo se encuentra difundido por numerosas regiones y países del mundo con clima templado',400,8,6);
INSERT INTO producto VALUES ('FR-29','Cerezo Napoleón','Frutales','','Jerte Distribuciones S.L.','Las principales especies de cerezo cultivadas en el mundo son el cerezo dulce (Prunus avium), el guindo (P. cerasus) y el cerezo \"Duke\", híbrido de los anteriores. Ambas especies son naturales del sureste de Europa y oeste de Asia. El cerezo dulce tuvo su origen probablemente en el mar Negro y en el mar Caspio, difundiéndose después hacia Europa y Asia, llevado por los pájaros y las migraciones humanas. Fue uno de los frutales más apreciados por los griegos y con el Imperio Romano se extendió a regiones muy diversas. En la actualidad, el cerezo se encuentra difundido por numerosas regiones y países del mundo con clima templado',400,8,6);
INSERT INTO producto VALUES ('FR-3','Naranjo 2 años injerto','Frutales','','NaranjasValencianas.com','El naranjo es un árbol pequeño, que no supera los 3-5 metros de altura, con una copa compacta, cónica, transformada en esérica gracias a la poda. Su tronco es de color gris y liso, y las hojas son perennes, coriáceas, de un verde intenso y brillante, con forma oval o elíptico-lanceolada. Poseen, en el caso del naranjo amargo, un típico peciolo alado en forma de Â‘corazónÂ’, que en el naranjo dulce es más estrecho y menos patente.',15,7,5);
INSERT INTO producto VALUES ('FR-30','Ciruelo R. Claudia Verde   ','Frutales','','Frutales Talavera S.A','árbol de tamaño mediano que alcanza una altura máxima de 5-6 m. Tronco de corteza pardo-azulada, brillante, lisa o agrietada longitudinalmente. Produce ramas alternas, pequeñas, delgadas, unas veces lisas, glabras y otras pubescentes y vellosas',400,8,6);
INSERT INTO producto VALUES ('FR-31','Ciruelo Santa Rosa','Frutales','','Frutales Talavera S.A','árbol de tamaño mediano que alcanza una altura máxima de 5-6 m. Tronco de corteza pardo-azulada, brillante, lisa o agrietada longitudinalmente. Produce ramas alternas, pequeñas, delgadas, unas veces lisas, glabras y otras pubescentes y vellosas',400,8,6);
INSERT INTO producto VALUES ('FR-32','Ciruelo Golden Japan','Frutales','','Frutales Talavera S.A','árbol de tamaño mediano que alcanza una altura máxima de 5-6 m. Tronco de corteza pardo-azulada, brillante, lisa o agrietada longitudinalmente. Produce ramas alternas, pequeñas, delgadas, unas veces lisas, glabras y otras pubescentes y vellosas',400,8,6);
INSERT INTO producto VALUES ('FR-33','Ciruelo Friar','Frutales','','Frutales Talavera S.A','árbol de tamaño mediano que alcanza una altura máxima de 5-6 m. Tronco de corteza pardo-azulada, brillante, lisa o agrietada longitudinalmente. Produce ramas alternas, pequeñas, delgadas, unas veces lisas, glabras y otras pubescentes y vellosas',400,8,6);
INSERT INTO producto VALUES ('FR-34','Ciruelo Reina C. De Ollins','Frutales','','Frutales Talavera S.A','árbol de tamaño mediano que alcanza una altura máxima de 5-6 m. Tronco de corteza pardo-azulada, brillante, lisa o agrietada longitudinalmente. Produce ramas alternas, pequeñas, delgadas, unas veces lisas, glabras y otras pubescentes y vellosas',400,8,6);
INSERT INTO producto VALUES ('FR-35','Ciruelo Claudia Negra','Frutales','','Frutales Talavera S.A','árbol de tamaño mediano que alcanza una altura máxima de 5-6 m. Tronco de corteza pardo-azulada, brillante, lisa o agrietada longitudinalmente. Produce ramas alternas, pequeñas, delgadas, unas veces lisas, glabras y otras pubescentes y vellosas',400,8,6);
INSERT INTO producto VALUES ('FR-36','Granado Mollar de Elche','Frutales','','Frutales Talavera S.A','pequeño árbol caducifolio, a veces con porte arbustivo, de 3 a 6 m de altura, con el tronco retorcido. Madera dura y corteza escamosa de color grisáceo. Las ramitas jóvenes son más o menos cuadrangulares o angostas y de cuatro alas, posteriormente se vuelven redondas con corteza de color café grisáceo, la mayoría de las ramas, pero especialmente las pequeñas ramitas axilares, son en forma de espina o terminan en una espina aguda; la copa es extendida.',400,9,7);
INSERT INTO producto VALUES ('FR-37','Higuera Napolitana','Frutales','','Frutales Talavera S.A','La higuera (Ficus carica L.) es un árbol típico de secano en los países mediterráneos. Su rusticidad y su fácil multiplicación hacen de la higuera un frutal muy apropiado para el cultivo extensivo.. Siempre ha sido considerado como árbol que no requiere cuidado alguno una vez plantado y arraigado, limitándose el hombre a recoger de él los frutos cuando maduran, unos para consumo en fresco y otros para conserva. Las únicas higueras con cuidados culturales esmerados, en muchas comarcas, son las brevales, por el interés económico de su primera cosecha, la de brevas.',400,9,7);
INSERT INTO producto VALUES ('FR-38','Higuera Verdal','Frutales','','Frutales Talavera S.A','La higuera (Ficus carica L.) es un árbol típico de secano en los países mediterráneos. Su rusticidad y su fácil multiplicación hacen de la higuera un frutal muy apropiado para el cultivo extensivo.. Siempre ha sido considerado como árbol que no requiere cuidado alguno una vez plantado y arraigado, limitándose el hombre a recoger de él los frutos cuando maduran, unos para consumo en fresco y otros para conserva. Las únicas higueras con cuidados culturales esmerados, en muchas comarcas, son las brevales, por el interés económico de su primera cosecha, la de brevas.',400,9,7);
INSERT INTO producto VALUES ('FR-39','Higuera Breva','Frutales','','Frutales Talavera S.A','La higuera (Ficus carica L.) es un árbol típico de secano en los países mediterráneos. Su rusticidad y su fácil multiplicación hacen de la higuera un frutal muy apropiado para el cultivo extensivo.. Siempre ha sido considerado como árbol que no requiere cuidado alguno una vez plantado y arraigado, limitándose el hombre a recoger de él los frutos cuando maduran, unos para consumo en fresco y otros para conserva. Las únicas higueras con cuidados culturales esmerados, en muchas comarcas, son las brevales, por el interés económico de su primera cosecha, la de brevas.',400,9,7);
INSERT INTO producto VALUES ('FR-4','Naranjo calibre 8/10','Frutales','','NaranjasValencianas.com','El naranjo es un árbol pequeño, que no supera los 3-5 metros de altura, con una copa compacta, cónica, transformada en esérica gracias a la poda. Su tronco es de color gris y liso, y las hojas son perennes, coriáceas, de un verde intenso y brillante, con forma oval o elíptico-lanceolada. Poseen, en el caso del naranjo amargo, un típico peciolo alado en forma de Â‘corazónÂ’, que en el naranjo dulce es más estrecho y menos patente.',15,29,23);
INSERT INTO producto VALUES ('FR-40','Manzano Starking Delicious','Frutales','','Frutales Talavera S.A','alcanza como máximo 10 m. de altura y tiene una copa globosa. Tronco derecho que normalmente alcanza de 2 a 2,5 m. de altura, con corteza cubierta de lenticelas, lisa, adherida, de color ceniciento verdoso sobre los ramos y escamosa y gris parda sobre las partes viejas del árbol. Tiene una vida de unos 60-80 años. Las ramas se insertan en ángulo abierto sobre el tallo, de color verde oscuro, a veces tendiendo a negruzco o violáceo. Los brotes jóvenes terminan con frecuencia en una espina',400,8,6);
INSERT INTO producto VALUES ('FR-41','Manzano Reineta','Frutales','','Frutales Talavera S.A','alcanza como máximo 10 m. de altura y tiene una copa globosa. Tronco derecho que normalmente alcanza de 2 a 2,5 m. de altura, con corteza cubierta de lenticelas, lisa, adherida, de color ceniciento verdoso sobre los ramos y escamosa y gris parda sobre las partes viejas del árbol. Tiene una vida de unos 60-80 años. Las ramas se insertan en ángulo abierto sobre el tallo, de color verde oscuro, a veces tendiendo a negruzco o violáceo. Los brotes jóvenes terminan con frecuencia en una espina',400,8,6);
INSERT INTO producto VALUES ('FR-42','Manzano Golden Delicious','Frutales','','Frutales Talavera S.A','alcanza como máximo 10 m. de altura y tiene una copa globosa. Tronco derecho que normalmente alcanza de 2 a 2,5 m. de altura, con corteza cubierta de lenticelas, lisa, adherida, de color ceniciento verdoso sobre los ramos y escamosa y gris parda sobre las partes viejas del árbol. Tiene una vida de unos 60-80 años. Las ramas se insertan en ángulo abierto sobre el tallo, de color verde oscuro, a veces tendiendo a negruzco o violáceo. Los brotes jóvenes terminan con frecuencia en una espina',400,8,6);
INSERT INTO producto VALUES ('FR-43','Membrillero Gigante de Wranja','Frutales','','Frutales Talavera S.A','',400,8,6);
INSERT INTO producto VALUES ('FR-44','Melocotonero Spring Crest','Frutales','','Melocotones de Cieza S.A.','Árbol caducifolio de porte bajo con corteza lisa, de color ceniciento. Sus hojas son alargadas con el margen ligeramente aserrado, de color verde brillante, algo más claras por el envés. El melocotonero está muy arraigado en la cultura asiática.\r\nEn Japón, el noble heroe Momotaro, una especie de Cid japonés, nació del interior de un enorme melocotón que flotaba río abajo.\r\nEn China se piensa que comer melocotón confiere longevidad al ser humano, ya que formaba parte de la dieta de sus dioses inmortales.',400,8,6);
INSERT INTO producto VALUES ('FR-45','Melocotonero Amarillo de Agosto','Frutales','','Melocotones de Cieza S.A.','Árbol caducifolio de porte bajo con corteza lisa, de color ceniciento. Sus hojas son alargadas con el margen ligeramente aserrado, de color verde brillante, algo más claras por el envés. El melocotonero está muy arraigado en la cultura asiática.\r\nEn Japón, el noble heroe Momotaro, una especie de Cid japonés, nació del interior de un enorme melocotón que flotaba río abajo.\r\nEn China se piensa que comer melocotón confiere longevidad al ser humano, ya que formaba parte de la dieta de sus dioses inmortales.',400,8,6);
INSERT INTO producto VALUES ('FR-46','Melocotonero Federica','Frutales','','Melocotones de Cieza S.A.','Árbol caducifolio de porte bajo con corteza lisa, de color ceniciento. Sus hojas son alargadas con el margen ligeramente aserrado, de color verde brillante, algo más claras por el envés. El melocotonero está muy arraigado en la cultura asiática.\r\nEn Japón, el noble heroe Momotaro, una especie de Cid japonés, nació del interior de un enorme melocotón que flotaba río abajo.\r\nEn China se piensa que comer melocotón confiere longevidad al ser humano, ya que formaba parte de la dieta de sus dioses inmortales.',400,8,6);
INSERT INTO producto VALUES ('FR-47','Melocotonero Paraguayo','Frutales','','Melocotones de Cieza S.A.','Árbol caducifolio de porte bajo con corteza lisa, de color ceniciento. Sus hojas son alargadas con el margen ligeramente aserrado, de color verde brillante, algo más claras por el envés. El melocotonero está muy arraigado en la cultura asiática.\r\nEn Japón, el noble heroe Momotaro, una especie de Cid japonés, nació del interior de un enorme melocotón que flotaba río abajo.\r\nEn China se piensa que comer melocotón confiere longevidad al ser humano, ya que formaba parte de la dieta de sus dioses inmortales.',400,8,6);
INSERT INTO producto VALUES ('FR-48','Nogal Común','Frutales','','Frutales Talavera S.A','',400,9,7);
INSERT INTO producto VALUES ('FR-49','Parra Uva de Mesa','Frutales','','Frutales Talavera S.A','',400,8,6);
INSERT INTO producto VALUES ('FR-5','Mandarino -Plantón joven','Frutales','','Frutales Talavera S.A','',15,6,4);
INSERT INTO producto VALUES ('FR-50','Peral Castell','Frutales','','Frutales Talavera S.A','Árbol piramidal, redondeado en su juventud, luego oval, que llega hasta 20 metros de altura y por término medio vive 65 años.Tronco alto, grueso, de corteza agrietada, gris, de la cual se destacan con frecuencia placas lenticulares.Las ramas se insertan formando ángulo agudo con el tronco (45º), de corteza lisa, primero verde y luego gris-violácea, con numerosas lenticelas.',400,8,6);
INSERT INTO producto VALUES ('FR-51','Peral Williams','Frutales','','Frutales Talavera S.A','Árbol piramidal, redondeado en su juventud, luego oval, que llega hasta 20 metros de altura y por término medio vive 65 años.Tronco alto, grueso, de corteza agrietada, gris, de la cual se destacan con frecuencia placas lenticulares.Las ramas se insertan formando ángulo agudo con el tronco (45º), de corteza lisa, primero verde y luego gris-violácea, con numerosas lenticelas.',400,8,6);
INSERT INTO producto VALUES ('FR-52','Peral Conference','Frutales','','Frutales Talavera S.A','Árbol piramidal, redondeado en su juventud, luego oval, que llega hasta 20 metros de altura y por término medio vive 65 años.Tronco alto, grueso, de corteza agrietada, gris, de la cual se destacan con frecuencia placas lenticulares.Las ramas se insertan formando ángulo agudo con el tronco (45º), de corteza lisa, primero verde y luego gris-violácea, con numerosas lenticelas.',400,8,6);
INSERT INTO producto VALUES ('FR-53','Peral Blanq. de Aranjuez','Frutales','','Frutales Talavera S.A','Árbol piramidal, redondeado en su juventud, luego oval, que llega hasta 20 metros de altura y por término medio vive 65 años.Tronco alto, grueso, de corteza agrietada, gris, de la cual se destacan con frecuencia placas lenticulares.Las ramas se insertan formando ángulo agudo con el tronco (45º), de corteza lisa, primero verde y luego gris-violácea, con numerosas lenticelas.',400,8,6);
INSERT INTO producto VALUES ('FR-54','Níspero Tanaca','Frutales','','Frutales Talavera S.A','Aunque originario del Sudeste de China, el níspero llegó a Europa procedente de Japón en el siglo XVIII como árbol ornamental. En el siglo XIX se inició el consumo de los frutos en toda el área mediterránea, donde se adaptó muy bien a las zonas de cultivo de los cítricos.El cultivo intensivo comenzó a desarrollarse a finales de los años 60 y principios de los 70, cuando comenzaron a implantarse las variedades y técnicas de cultivo actualmente utilizadas.',400,9,7);
INSERT INTO producto VALUES ('FR-55','Olivo Cipresino','Frutales','','Frutales Talavera S.A','Existen dos hipótesis sobre el origen del olivo, una que postula que proviene de las costas de Siria, Líbano e Israel y otra que considera que lo considera originario de Asia menor. La llegada a Europa probablemente tuvo lugar de mano de los Fenicios, en transito por Chipre, Creta, e Islas del Mar Egeo, pasando a Grecia y más tarde a Italia. Los primeros indicios de la presencia del olivo en las costas mediterráneas españolas coinciden con el dominio romano, aunque fueron posteriormente los árabes los que impulsaron su cultivo en Andalucía, convirtiendo a España en el primer país productor de aceite de oliva a nivel mundial.',400,8,6);
INSERT INTO producto VALUES ('FR-56','Nectarina','Frutales','','Frutales Talavera S.A','',400,8,6);
INSERT INTO producto VALUES ('FR-57','Kaki Rojo Brillante','Frutales','','NaranjasValencianas.com','De crecimiento algo lento los primeros años, llega a alcanzar hasta doce metros de altura o más, aunque en cultivo se prefiere algo más bajo (5-6). Tronco corto y copa extendida. Ramifica muy poco debido a la dominancia apical. Porte más o menos piramidal, aunque con la edad se hace más globoso.',400,9,7);
INSERT INTO producto VALUES ('FR-58','Albaricoquero','Frutales','8/10','Melocotones de Cieza S.A.','árbol que puede pasar de los 6 m de altura, en la región mediterránea con ramas formando una copa redondeada. La corteza del tronco es pardo-violácea, agrietada; las ramas son rojizas y extendidas cuando jóvenes y las ramas secundarias son cortas, divergentes y escasas. Las yemas latentes son frecuentes especialmente sobre las ramas viejas.',200,11,8);
INSERT INTO producto VALUES ('FR-59','Albaricoquero','Frutales','10/12','Melocotones de Cieza S.A.','árbol que puede pasar de los 6 m de altura, en la región mediterránea con ramas formando una copa redondeada. La corteza del tronco es pardo-violácea, agrietada; las ramas son rojizas y extendidas cuando jóvenes y las ramas secundarias son cortas, divergentes y escasas. Las yemas latentes son frecuentes especialmente sobre las ramas viejas.',200,22,17);
INSERT INTO producto VALUES ('FR-6','Mandarino 2 años injerto','Frutales','','Frutales Talavera S.A','',15,7,5);
INSERT INTO producto VALUES ('FR-60','Albaricoquero','Frutales','12/14','Melocotones de Cieza S.A.','árbol que puede pasar de los 6 m de altura, en la región mediterránea con ramas formando una copa redondeada. La corteza del tronco es pardo-violácea, agrietada; las ramas son rojizas y extendidas cuando jóvenes y las ramas secundarias son cortas, divergentes y escasas. Las yemas latentes son frecuentes especialmente sobre las ramas viejas.',200,32,25);
INSERT INTO producto VALUES ('FR-61','Albaricoquero','Frutales','14/16','Melocotones de Cieza S.A.','árbol que puede pasar de los 6 m de altura, en la región mediterránea con ramas formando una copa redondeada. La corteza del tronco es pardo-violácea, agrietada; las ramas son rojizas y extendidas cuando jóvenes y las ramas secundarias son cortas, divergentes y escasas. Las yemas latentes son frecuentes especialmente sobre las ramas viejas.',200,49,39);
INSERT INTO producto VALUES ('FR-62','Albaricoquero','Frutales','16/18','Melocotones de Cieza S.A.','árbol que puede pasar de los 6 m de altura, en la región mediterránea con ramas formando una copa redondeada. La corteza del tronco es pardo-violácea, agrietada; las ramas son rojizas y extendidas cuando jóvenes y las ramas secundarias son cortas, divergentes y escasas. Las yemas latentes son frecuentes especialmente sobre las ramas viejas.',200,70,56);
INSERT INTO producto VALUES ('FR-63','Cerezo','Frutales','8/10','Jerte Distribuciones S.L.','Las principales especies de cerezo cultivadas en el mundo son el cerezo dulce (Prunus avium), el guindo (P. cerasus) y el cerezo \"Duke\", híbrido de los anteriores. Ambas especies son naturales del sureste de Europa y oeste de Asia. El cerezo dulce tuvo su origen probablemente en el mar Negro y en el mar Caspio, difundiéndose después hacia Europa y Asia, llevado por los pájaros y las migraciones humanas. Fue uno de los frutales más apreciados por los griegos y con el Imperio Romano se extendió a regiones muy diversas. En la actualidad, el cerezo se encuentra difundido por numerosas regiones y países del mundo con clima templado',300,11,8);
INSERT INTO producto VALUES ('FR-64','Cerezo','Frutales','10/12','Jerte Distribuciones S.L.','Las principales especies de cerezo cultivadas en el mundo son el cerezo dulce (Prunus avium), el guindo (P. cerasus) y el cerezo \"Duke\", híbrido de los anteriores. Ambas especies son naturales del sureste de Europa y oeste de Asia. El cerezo dulce tuvo su origen probablemente en el mar Negro y en el mar Caspio, difundiéndose después hacia Europa y Asia, llevado por los pájaros y las migraciones humanas. Fue uno de los frutales más apreciados por los griegos y con el Imperio Romano se extendió a regiones muy diversas. En la actualidad, el cerezo se encuentra difundido por numerosas regiones y países del mundo con clima templado',15,22,17);
INSERT INTO producto VALUES ('FR-65','Cerezo','Frutales','12/14','Jerte Distribuciones S.L.','Las principales especies de cerezo cultivadas en el mundo son el cerezo dulce (Prunus avium), el guindo (P. cerasus) y el cerezo \"Duke\", híbrido de los anteriores. Ambas especies son naturales del sureste de Europa y oeste de Asia. El cerezo dulce tuvo su origen probablemente en el mar Negro y en el mar Caspio, difundiéndose después hacia Europa y Asia, llevado por los pájaros y las migraciones humanas. Fue uno de los frutales más apreciados por los griegos y con el Imperio Romano se extendió a regiones muy diversas. En la actualidad, el cerezo se encuentra difundido por numerosas regiones y países del mundo con clima templado',200,32,25);
INSERT INTO producto VALUES ('FR-66','Cerezo','Frutales','14/16','Jerte Distribuciones S.L.','Las principales especies de cerezo cultivadas en el mundo son el cerezo dulce (Prunus avium), el guindo (P. cerasus) y el cerezo \"Duke\", híbrido de los anteriores. Ambas especies son naturales del sureste de Europa y oeste de Asia. El cerezo dulce tuvo su origen probablemente en el mar Negro y en el mar Caspio, difundiéndose después hacia Europa y Asia, llevado por los pájaros y las migraciones humanas. Fue uno de los frutales más apreciados por los griegos y con el Imperio Romano se extendió a regiones muy diversas. En la actualidad, el cerezo se encuentra difundido por numerosas regiones y países del mundo con clima templado',50,49,39);
INSERT INTO producto VALUES ('FR-67','Cerezo','Frutales','16/18','Jerte Distribuciones S.L.','Las principales especies de cerezo cultivadas en el mundo son el cerezo dulce (Prunus avium), el guindo (P. cerasus) y el cerezo \"Duke\", híbrido de los anteriores. Ambas especies son naturales del sureste de Europa y oeste de Asia. El cerezo dulce tuvo su origen probablemente en el mar Negro y en el mar Caspio, difundiéndose después hacia Europa y Asia, llevado por los pájaros y las migraciones humanas. Fue uno de los frutales más apreciados por los griegos y con el Imperio Romano se extendió a regiones muy diversas. En la actualidad, el cerezo se encuentra difundido por numerosas regiones y países del mundo con clima templado',50,70,56);
INSERT INTO producto VALUES ('FR-68','Cerezo','Frutales','18/20','Jerte Distribuciones S.L.','Las principales especies de cerezo cultivadas en el mundo son el cerezo dulce (Prunus avium), el guindo (P. cerasus) y el cerezo \"Duke\", híbrido de los anteriores. Ambas especies son naturales del sureste de Europa y oeste de Asia. El cerezo dulce tuvo su origen probablemente en el mar Negro y en el mar Caspio, difundiéndose después hacia Europa y Asia, llevado por los pájaros y las migraciones humanas. Fue uno de los frutales más apreciados por los griegos y con el Imperio Romano se extendió a regiones muy diversas. En la actualidad, el cerezo se encuentra difundido por numerosas region... (Tiempo restante: 85 KB);
